Neighbourhood Id,Neighbourhood,Early Development Instrument (EDI),Healthy Food Index,Social Housing Units,Income Decile Mean,Income Decile Median,Total Pop 2016,  Non-immigrants,  Immigrants,  Non-permanent residents,  First generation,  Second generation,  Third generation or more,"  Postsecondary certificate, diploma or degree","  No certificate, diploma or degree",  Secondary (high) school diploma or equivalency certificate,"Population, 2016",Total Male Population,Children (0-14 years),Youth (15-24 years),Working Age (25-54 years),Pre-retirement (55-64 years),Seniors and Older Seniors
129.0,Agincourt North,12.33,38.09,247.0,4.5,4.0,29113.0,7895.0,19995.0,930.0,21040.0,6705.0,1075.0,10985.0,6550.0,7460.0,29113.0,13915.0,3840.0,3705.0,11305.0,4230.0,6970.0
128.0,Agincourt South-Malvern West,17.82,35.26,250.0,4.5,4.0,23757.0,7190.0,15095.0,1175.0,16430.0,5705.0,1335.0,10285.0,4035.0,6090.0,23757.0,11610.0,3075.0,3360.0,9965.0,3265.0,4660.0
20.0,Alderwood,12.61,11.41,77.0,6.2,7.0,12054.0,7975.0,3970.0,85.0,4105.0,3630.0,4295.0,5300.0,2005.0,2960.0,12054.0,5895.0,1760.0,1235.0,5220.0,1825.0,2335.0
95.0,Annex,5.05,38.85,1436.0,6.1,7.0,30526.0,19030.0,8270.0,1350.0,10045.0,7925.0,10675.0,20430.0,1585.0,4270.0,30526.0,14355.0,2360.0,3750.0,15040.0,3480.0,6950.0
42.0,Banbury-Don Mills,8.97,21.31,304.0,6.3,7.0,27695.0,13310.0,13195.0,485.0,13840.0,7640.0,5525.0,15950.0,2295.0,5150.0,27695.0,12795.0,3605.0,2730.0,10810.0,3555.0,8615.0
34.0,Bathurst Manor,14.04,18.8,301.0,5.4,5.0,15873.0,7135.0,8020.0,430.0,8505.0,4510.0,2565.0,8200.0,1665.0,3390.0,15873.0,7465.0,2325.0,1940.0,6655.0,2030.0,3650.0
76.0,Bay Street Corridor,19.44,24.83,754.0,4.6,4.0,25797.0,9995.0,10455.0,5145.0,15910.0,5365.0,4325.0,17505.0,700.0,5740.0,25797.0,12215.0,1695.0,6860.0,13065.0,1760.0,2750.0
52.0,Bayview Village,13.45,32.12,131.0,5.4,5.0,21396.0,7220.0,12625.0,1285.0,13965.0,4660.0,2510.0,13740.0,1310.0,3680.0,21396.0,10010.0,2415.0,2505.0,10310.0,2540.0,4225.0
49.0,Bayview Woods-Steeles,24.42,35.61,174.0,5.6,6.0,13154.0,4735.0,7535.0,390.0,7975.0,3145.0,1535.0,7470.0,1295.0,2385.0,13154.0,6015.0,1515.0,1635.0,4490.0,1825.0,4425.0
39.0,Bedford Park-Nortown,9.76,47.74,236.0,7.4,9.0,23236.0,15885.0,6805.0,425.0,7610.0,6985.0,8520.0,12765.0,1985.0,3815.0,23236.0,10870.0,4555.0,3210.0,8410.0,3075.0,4640.0
112.0,Beechborough-Greenbrook,19.12,25.57,824.0,4.1,3.5,6577.0,2685.0,3425.0,260.0,3700.0,1990.0,680.0,2135.0,1605.0,1515.0,6577.0,3090.0,1120.0,855.0,2750.0,885.0,1110.0
127.0,Bendale,16.59,29.12,504.0,4.6,4.0,29960.0,11675.0,15865.0,1555.0,17570.0,7450.0,4080.0,12265.0,4750.0,7605.0,29960.0,14400.0,4550.0,4605.0,12050.0,3535.0,6150.0
122.0,Birchcliffe-Cliffside,13.57,32.74,370.0,5.9,6.0,22291.0,15430.0,6080.0,190.0,6370.0,5885.0,9425.0,10170.0,2930.0,5245.0,22291.0,10760.0,3345.0,2440.0,9075.0,3520.0,4540.0
24.0,Black Creek,19.26,41.84,1564.0,3.5,3.0,21737.0,8175.0,12705.0,675.0,13485.0,6760.0,1320.0,5355.0,6420.0,5195.0,21737.0,10130.0,4600.0,3290.0,8525.0,2425.0,3240.0
69.0,Blake-Jones,17.98,39.98,751.0,5.3,5.0,7727.0,5175.0,2420.0,90.0,2565.0,2335.0,2785.0,3760.0,1175.0,1345.0,7727.0,3760.0,1405.0,885.0,3605.0,940.0,1010.0
108.0,Briar Hill-Belgravia,11.3,34.23,316.0,4.8,5.0,14257.0,5280.0,8555.0,375.0,9010.0,3515.0,1680.0,6730.0,2545.0,3080.0,14257.0,6610.0,1855.0,1655.0,6740.0,1925.0,2410.0
41.0,Bridle Path-Sunnybrook-York Mills,17.39,22.26,43.0,8.1,10.0,9266.0,5880.0,3150.0,160.0,3440.0,2455.0,3290.0,5635.0,615.0,1500.0,9266.0,4450.0,1435.0,1425.0,3090.0,1525.0,2030.0
57.0,Broadview North,22.22,31.36,154.0,5.0,5.0,11499.0,6240.0,4790.0,300.0,5155.0,3195.0,2980.0,5920.0,1665.0,2295.0,11499.0,5450.0,1470.0,1040.0,5680.0,1435.0,2120.0
30.0,Brookhaven-Amesbury,13.62,43.1,849.0,4.2,4.0,17757.0,7580.0,9725.0,390.0,10210.0,5760.0,1735.0,5925.0,4270.0,4150.0,17757.0,8230.0,3360.0,2460.0,7625.0,2185.0,2415.0
71.0,Cabbagetown-South St.James Town,13.33,43.71,860.0,5.7,6.0,11669.0,6965.0,3770.0,260.0,4140.0,2570.0,4285.0,7370.0,770.0,2065.0,11669.0,6560.0,800.0,1035.0,5855.0,1715.0,2555.0
109.0,Caledonia-Fairbank,11.71,53.48,7.0,5.0,5.0,9955.0,4275.0,5285.0,345.0,5675.0,3000.0,1245.0,3320.0,2925.0,2175.0,9955.0,4930.0,1490.0,1220.0,4570.0,1350.0,1490.0
96.0,Casa Loma,8.7,32.33,97.0,7.0,8.0,10968.0,7715.0,2885.0,295.0,3365.0,3170.0,4345.0,7460.0,490.0,1690.0,10968.0,5080.0,1200.0,1080.0,4555.0,1465.0,3070.0
133.0,Centennial Scarborough,10.38,9.35,126.0,6.9,8.0,13362.0,8305.0,4990.0,40.0,5085.0,4075.0,4180.0,7075.0,1295.0,2820.0,13362.0,6495.0,2150.0,1850.0,5030.0,1955.0,2545.0
75.0,Church-Yonge Corridor,11.32,33.5,3324.0,5.2,5.0,31340.0,16650.0,10935.0,2745.0,13920.0,7015.0,9375.0,22355.0,1220.0,5510.0,31340.0,17150.0,1260.0,5060.0,18780.0,3235.0,3260.0
120.0,Clairlea-Birchmount,10.9,30.8,422.0,4.9,5.0,26984.0,12665.0,13115.0,530.0,13760.0,6970.0,5565.0,11360.0,4215.0,6165.0,26984.0,13120.0,4565.0,3495.0,11940.0,3360.0,4290.0
33.0,Clanton Park,9.73,19.35,569.0,5.7,6.0,16472.0,8425.0,7485.0,510.0,8095.0,4995.0,3330.0,8670.0,1735.0,3245.0,16472.0,7820.0,2765.0,1910.0,7470.0,1935.0,2775.0
123.0,Cliffcrest,18.25,25.55,510.0,5.5,6.0,15935.0,9795.0,5835.0,165.0,6055.0,4165.0,5575.0,7160.0,2165.0,3925.0,15935.0,7735.0,2575.0,2145.0,6070.0,2445.0,3065.0
92.0,Corso Italia-Davenport,14.78,37.94,59.0,5.4,5.0,14133.0,7590.0,6095.0,420.0,6590.0,4420.0,3085.0,5925.0,3390.0,2875.0,14133.0,6965.0,1910.0,1545.0,6930.0,1740.0,2315.0
66.0,Danforth,7.14,32.16,356.0,6.1,7.0,9666.0,6575.0,2855.0,165.0,3155.0,2805.0,3650.0,4840.0,1440.0,1670.0,9666.0,4765.0,1675.0,920.0,4370.0,1195.0,1710.0
59.0,Danforth-East York,11.59,24.56,423.0,6.0,6.0,17180.0,11310.0,5575.0,195.0,5915.0,5100.0,6070.0,8510.0,2500.0,3045.0,17180.0,8255.0,3020.0,1450.0,7930.0,2135.0,3020.0
47.0,Don Valley Village,14.96,37.87,111.0,4.8,4.0,27051.0,7690.0,17865.0,1275.0,19250.0,5535.0,2050.0,15035.0,2505.0,5220.0,27051.0,12860.0,4065.0,3280.0,11860.0,3145.0,5365.0
126.0,Dorset Park,16.81,32.27,468.0,4.3,4.0,25003.0,9300.0,14685.0,385.0,15150.0,6495.0,2735.0,10175.0,3975.0,5985.0,25003.0,11705.0,4250.0,3155.0,10485.0,3330.0,4570.0
93.0,Dovercourt-Wallace Emerson-Juncti,19.3,35.06,1132.0,5.1,5.0,36625.0,20635.0,14395.0,1185.0,15950.0,11140.0,9125.0,17325.0,7105.0,7335.0,36625.0,18065.0,4480.0,3925.0,19790.0,3935.0,5110.0
26.0,Downsview-Roding-CFB,15.54,23.72,571.0,4.6,4.0,35052.0,14560.0,19515.0,945.0,20570.0,10655.0,3755.0,12305.0,8590.0,8365.0,35052.0,16865.0,5725.0,4340.0,15045.0,4380.0,6405.0
83.0,Dufferin Grove,18.52,40.07,166.0,5.0,5.0,11785.0,6785.0,4395.0,535.0,5020.0,3535.0,3155.0,6150.0,2150.0,2125.0,11785.0,5840.0,1285.0,1065.0,6680.0,1235.0,1690.0
62.0,East End-Danforth,13.57,35.29,1016.0,5.8,6.0,21381.0,14820.0,5920.0,255.0,6360.0,5775.0,8885.0,11085.0,2290.0,3915.0,21381.0,10290.0,3735.0,2210.0,9990.0,2805.0,2960.0
9.0,Edenbridge-Humber Valley,7.02,46.41,0.0,6.6,7.0,15535.0,9065.0,5950.0,185.0,6235.0,4615.0,4345.0,8175.0,1725.0,3175.0,15535.0,7295.0,2120.0,1805.0,5940.0,2385.0,3955.0
138.0,Eglinton East,20.31,34.79,885.0,4.1,4.0,22776.0,8730.0,13000.0,515.0,13590.0,5835.0,2815.0,8510.0,3925.0,5645.0,22776.0,10595.0,4180.0,3130.0,9180.0,2825.0,4065.0
5.0,Elms-Old Rexdale,9.78,24.71,358.0,4.3,4.0,9456.0,4600.0,4725.0,120.0,4880.0,3200.0,1375.0,3155.0,1870.0,2620.0,9456.0,4510.0,1805.0,1440.0,3700.0,1255.0,1420.0
32.0,Englemount-Lawrence,24.65,43.98,2104.0,4.9,4.0,22372.0,11490.0,9785.0,610.0,10735.0,7575.0,3580.0,10080.0,2675.0,4340.0,22372.0,9840.0,4805.0,3030.0,8385.0,2430.0,4680.0
11.0,Eringate-Centennial-West Deane,10.96,10.43,0.0,6.2,7.0,18588.0,10180.0,8190.0,145.0,8400.0,5390.0,4735.0,9240.0,2435.0,4225.0,18588.0,8930.0,2635.0,2405.0,6910.0,2855.0,4330.0
13.0,Etobicoke West Mall,19.05,15.41,200.0,5.0,5.0,11848.0,5415.0,5805.0,250.0,6095.0,3250.0,2120.0,5325.0,1730.0,2715.0,11848.0,5635.0,1695.0,1460.0,5025.0,1600.0,2565.0
44.0,Flemingdon Park,22.83,21.66,748.0,3.6,3.0,21933.0,6990.0,14030.0,890.0,15010.0,5705.0,1200.0,8880.0,3825.0,4850.0,21933.0,10540.0,4385.0,3060.0,9185.0,2335.0,3265.0
102.0,Forest Hill North,11.11,29.11,311.0,6.1,6.0,12806.0,7210.0,4975.0,480.0,5515.0,3325.0,3830.0,7545.0,880.0,2190.0,12806.0,5770.0,2060.0,1500.0,5390.0,1725.0,2485.0
101.0,Forest Hill South,13.04,18.49,174.0,7.3,9.0,10732.0,7535.0,2755.0,300.0,3215.0,3055.0,4320.0,6990.0,690.0,1605.0,10732.0,4910.0,1365.0,1355.0,4235.0,1530.0,2585.0
25.0,Glenfield-Jane Heights,20.8,41.05,1511.0,4.0,3.0,30491.0,11700.0,17790.0,715.0,18630.0,10085.0,1490.0,7655.0,9560.0,7190.0,30491.0,14235.0,5790.0,4520.0,11590.0,3605.0,5705.0
65.0,Greenwood-Coxwell,5.88,44.29,830.0,5.5,6.0,14417.0,9775.0,4385.0,220.0,4800.0,4060.0,5525.0,7255.0,1960.0,2710.0,14417.0,7000.0,2460.0,1305.0,7240.0,1765.0,1840.0
140.0,Guildwood,10.71,15.57,48.0,6.5,7.0,9917.0,6455.0,3130.0,70.0,3240.0,2805.0,3605.0,5060.0,1080.0,2225.0,9917.0,4630.0,1295.0,1065.0,3370.0,1555.0,3175.0
53.0,Henry Farm,8.7,20.8,232.0,4.4,4.0,15723.0,4205.0,9525.0,1985.0,11595.0,2805.0,1305.0,9230.0,1210.0,2765.0,15723.0,7670.0,2505.0,2330.0,8045.0,1390.0,1595.0
88.0,High Park North,7.1,40.24,788.0,6.0,6.0,22162.0,13340.0,7670.0,805.0,8675.0,5995.0,7135.0,14210.0,1535.0,3250.0,22162.0,10390.0,2850.0,1890.0,11660.0,2585.0,3730.0
87.0,High Park-Swansea,5.91,46.53,300.0,6.6,7.0,23925.0,16315.0,6565.0,470.0,7330.0,7320.0,8705.0,14845.0,1575.0,3385.0,23925.0,11140.0,3540.0,2125.0,11570.0,2870.0,4555.0
134.0,Highland Creek,14.81,0.63,0.0,6.2,7.0,12494.0,5195.0,7015.0,255.0,7295.0,3765.0,1420.0,6105.0,1625.0,3200.0,12494.0,6195.0,1545.0,1925.0,4620.0,2020.0,2585.0
48.0,Hillcrest Village,18.05,48.46,1027.0,5.2,5.0,16934.0,5015.0,11285.0,620.0,12000.0,3775.0,1130.0,9545.0,1865.0,3400.0,16934.0,7925.0,2115.0,2170.0,6060.0,2265.0,4935.0
8.0,Humber Heights-Westmount,9.72,32.82,688.0,5.6,6.0,10948.0,5360.0,4645.0,110.0,4800.0,3365.0,1930.0,4805.0,1555.0,2305.0,10948.0,4905.0,1450.0,1140.0,3790.0,1510.0,3995.0
21.0,Humber Summit,9.77,32.33,133.0,4.5,4.0,12416.0,4860.0,7280.0,265.0,7595.0,3930.0,890.0,3770.0,3495.0,2990.0,12416.0,6050.0,2155.0,1720.0,4855.0,1315.0,2640.0
22.0,Humbermede,15.08,20.52,223.0,4.2,4.0,15545.0,5730.0,9440.0,360.0,9855.0,4630.0,1050.0,5115.0,3635.0,3825.0,15545.0,7495.0,2945.0,2225.0,6445.0,1760.0,2420.0
106.0,Humewood-Cedarvale,12.24,32.85,480.0,5.9,6.0,14365.0,9135.0,4660.0,430.0,5280.0,3815.0,5125.0,8720.0,1125.0,2225.0,14365.0,6595.0,2165.0,1610.0,7005.0,1650.0,2220.0
125.0,Ionview,8.72,47.14,348.0,4.2,4.0,13641.0,5220.0,7795.0,600.0,8400.0,3335.0,1865.0,5655.0,2385.0,3260.0,13641.0,6480.0,2310.0,1645.0,6050.0,1720.0,2135.0
14.0,Islington-City Centre West,14.24,31.01,1240.0,5.8,6.0,43965.0,22450.0,19590.0,1195.0,21025.0,12620.0,9580.0,24535.0,4440.0,8415.0,43965.0,20950.0,5820.0,4695.0,20640.0,5400.0,8885.0
90.0,Junction Area,7.63,44.09,84.0,5.8,6.0,14366.0,9355.0,4550.0,180.0,4830.0,4420.0,4820.0,7790.0,1695.0,2510.0,14366.0,7020.0,2190.0,1465.0,7470.0,1750.0,1675.0
110.0,Keelesdale-Eglinton West,19.63,34.48,351.0,4.7,4.0,11058.0,4480.0,6185.0,380.0,6615.0,3445.0,970.0,3115.0,3640.0,2675.0,11058.0,5350.0,1610.0,1430.0,4790.0,1435.0,2015.0
124.0,Kennedy Park,7.84,34.96,1360.0,4.2,4.0,17123.0,7390.0,9465.0,255.0,9800.0,4485.0,2815.0,6925.0,2990.0,4410.0,17123.0,8280.0,2775.0,2175.0,7120.0,2510.0,2880.0
78.0,Kensington-Chinatown,25.93,37.57,2064.0,4.0,3.0,17945.0,8570.0,7615.0,1270.0,9060.0,4340.0,4050.0,9095.0,2850.0,4205.0,17945.0,8765.0,1315.0,3350.0,8760.0,1795.0,3185.0
6.0,Kingsview Village-The Westway,15.64,35.69,553.0,4.5,4.0,22000.0,10110.0,11425.0,450.0,11975.0,7145.0,2860.0,8075.0,4170.0,5505.0,22000.0,10595.0,4240.0,3020.0,8635.0,2550.0,4160.0
15.0,Kingsway South,4.82,43.15,0.0,8.2,10.0,9271.0,7115.0,1960.0,80.0,2155.0,2775.0,4240.0,5735.0,545.0,1290.0,9271.0,4345.0,1580.0,1100.0,3245.0,1345.0,2320.0
114.0,Lambton Baby Point,14.15,27.28,668.0,6.3,7.0,7985.0,5485.0,2410.0,80.0,2560.0,2460.0,2960.0,4210.0,855.0,1215.0,7985.0,3735.0,1695.0,905.0,3310.0,1050.0,1165.0
117.0,L'Amoreaux,12.07,30.73,1776.0,4.5,4.0,43993.0,13710.0,28325.0,1480.0,29920.0,10315.0,3270.0,18765.0,8055.0,10555.0,43993.0,20600.0,6120.0,5730.0,17210.0,5930.0,10335.0
38.0,Lansing-Westgate,11.2,19.11,0.0,6.2,7.0,16164.0,7960.0,7075.0,1025.0,8195.0,3935.0,3930.0,9850.0,1050.0,2740.0,16164.0,7675.0,2420.0,2105.0,7590.0,1910.0,2520.0
105.0,Lawrence Park North,7.57,52.03,113.0,8.0,9.0,14607.0,11085.0,3340.0,135.0,3665.0,4285.0,6615.0,8660.0,870.0,1745.0,14607.0,7050.0,3280.0,1670.0,5980.0,1725.0,2200.0
103.0,Lawrence Park South,6.15,37.53,113.0,8.1,10.0,15179.0,11690.0,3180.0,255.0,3670.0,4050.0,7390.0,9510.0,945.0,1815.0,15179.0,7150.0,2845.0,2095.0,5870.0,2115.0,2550.0
56.0,Leaside-Bennington,13.3,40.94,0.0,7.9,9.0,16828.0,13130.0,3375.0,140.0,3680.0,4655.0,8305.0,9880.0,1125.0,2350.0,16828.0,8005.0,3285.0,2175.0,6455.0,2340.0,2950.0
84.0,Little Portugal,10.87,37.58,529.0,5.3,5.0,15559.0,9720.0,4835.0,490.0,5540.0,4785.0,4725.0,8490.0,2385.0,2775.0,15559.0,7650.0,1400.0,1605.0,9385.0,1325.0,2110.0
19.0,Long Branch,9.21,28.08,106.0,5.4,5.0,10084.0,6415.0,3445.0,210.0,3730.0,2705.0,3620.0,5060.0,1320.0,2340.0,10084.0,5015.0,1335.0,1130.0,4705.0,1520.0,1545.0
132.0,Malvern,11.06,38.63,1014.0,4.4,4.0,43794.0,15960.0,26900.0,920.0,27995.0,12905.0,2880.0,16960.0,7345.0,11575.0,43794.0,21030.0,7910.0,6620.0,17865.0,5535.0,6335.0
29.0,Maple Leaf,9.0,14.42,175.0,5.0,5.0,10111.0,4345.0,5245.0,270.0,5550.0,3110.0,1200.0,3590.0,2395.0,2380.0,10111.0,4840.0,1500.0,1265.0,4110.0,1205.0,2410.0
12.0,Markland Wood,8.11,7.99,0.0,6.7,7.0,10554.0,6505.0,3890.0,60.0,4000.0,3145.0,3300.0,5790.0,1070.0,2255.0,10554.0,4915.0,1340.0,1165.0,3600.0,1735.0,3240.0
130.0,Milliken,11.42,25.25,156.0,4.3,4.0,26572.0,6805.0,18265.0,990.0,19325.0,6180.0,560.0,8940.0,6320.0,7115.0,26572.0,12855.0,3675.0,3195.0,10565.0,4030.0,5995.0
17.0,Mimico,13.85,21.59,879.0,5.7,6.0,33964.0,18925.0,13425.0,940.0,14580.0,8870.0,9865.0,19855.0,3570.0,6410.0,33964.0,16535.0,3505.0,3010.0,17695.0,4620.0,5725.0
135.0,Morningside,11.35,6.67,523.0,4.6,4.0,17455.0,7240.0,9495.0,410.0,9990.0,4675.0,2485.0,7480.0,2465.0,4345.0,17455.0,8445.0,2880.0,2690.0,6840.0,2355.0,3050.0
73.0,Moss Park,19.18,42.76,3399.0,5.0,4.0,20506.0,11240.0,6470.0,750.0,7415.0,4875.0,6170.0,11940.0,1680.0,3415.0,20506.0,11650.0,1540.0,2060.0,12530.0,2495.0,2040.0
115.0,Mount Dennis,21.15,29.91,1145.0,4.1,4.0,13593.0,5545.0,7430.0,275.0,7760.0,4065.0,1430.0,4665.0,2810.0,3385.0,13593.0,6450.0,2395.0,1815.0,5930.0,1760.0,1950.0
2.0,Mount Olive-Silverstone-Jamestown,19.53,37.57,1288.0,3.7,3.0,32954.0,10425.0,21500.0,900.0,22555.0,9095.0,1185.0,10065.0,7895.0,7785.0,32954.0,16085.0,7090.0,5240.0,13615.0,3475.0,3860.0
99.0,Mount Pleasant East,10.23,50.4,291.0,7.2,8.0,16775.0,11880.0,4510.0,360.0,5040.0,4920.0,6800.0,10475.0,1015.0,2280.0,16775.0,7780.0,2980.0,1705.0,7620.0,2020.0,2715.0
104.0,Mount Pleasant West,10.16,41.6,1383.0,5.5,6.0,29658.0,15955.0,11295.0,1670.0,13215.0,6855.0,8855.0,20575.0,1500.0,4475.0,29658.0,13330.0,2380.0,2520.0,17100.0,3030.0,5545.0
18.0,New Toronto,10.42,24.84,1010.0,4.9,5.0,11463.0,6975.0,3970.0,345.0,4370.0,3040.0,3875.0,5565.0,1610.0,2505.0,11463.0,5575.0,1610.0,1390.0,5215.0,1580.0,1665.0
50.0,Newtonbrook East,12.87,29.12,0.0,5.0,5.0,16097.0,4465.0,9945.0,1110.0,11120.0,3075.0,1345.0,9460.0,1485.0,3005.0,16097.0,7580.0,1585.0,2185.0,6860.0,2155.0,3990.0
36.0,Newtonbrook West,15.15,26.14,380.0,4.4,4.0,23831.0,6450.0,15665.0,1510.0,17240.0,4370.0,2030.0,12865.0,2450.0,5515.0,23831.0,11225.0,2810.0,3325.0,10410.0,3110.0,4850.0
82.0,Niagara,13.58,34.94,939.0,6.4,7.0,31180.0,20255.0,8995.0,1185.0,10525.0,9625.0,10275.0,23305.0,1280.0,3805.0,31180.0,15390.0,2055.0,2415.0,23320.0,1885.0,1605.0
68.0,North Riverdale,12.9,47.17,98.0,6.8,8.0,11916.0,8605.0,2925.0,150.0,3195.0,3510.0,4980.0,6845.0,1040.0,1850.0,11916.0,5830.0,1960.0,1170.0,5490.0,1645.0,1800.0
74.0,North St.James Town,16.15,34.03,1704.0,3.6,3.0,18615.0,7405.0,9485.0,1470.0,11035.0,3990.0,3335.0,10230.0,2040.0,3805.0,18615.0,9880.0,2290.0,2265.0,10350.0,1970.0,1960.0
121.0,Oakridge,11.98,35.43,1486.0,3.3,2.0,13845.0,5660.0,7520.0,425.0,7985.0,3555.0,2060.0,5470.0,2270.0,3020.0,13845.0,6760.0,2865.0,1680.0,6050.0,1595.0,1910.0
107.0,Oakwood Village,15.05,41.07,825.0,5.0,5.0,21210.0,10280.0,9965.0,725.0,10845.0,5970.0,4145.0,9205.0,4450.0,4175.0,21210.0,10060.0,3130.0,2275.0,9535.0,2590.0,4240.0
54.0,O'Connor-Parkview,9.76,37.63,528.0,5.0,5.0,18675.0,11180.0,6890.0,425.0,7415.0,5165.0,5925.0,8250.0,2905.0,4240.0,18675.0,9010.0,3110.0,2385.0,7855.0,2650.0,3120.0
58.0,Old East York,9.47,24.76,182.0,6.0,6.0,9233.0,6120.0,3025.0,70.0,3150.0,2820.0,3260.0,4470.0,1340.0,1930.0,9233.0,4555.0,1470.0,915.0,4035.0,1280.0,1750.0
80.0,Palmerston-Little Italy,10.99,45.81,169.0,5.6,6.0,13826.0,9225.0,4100.0,435.0,4750.0,4130.0,4880.0,8280.0,1795.0,2410.0,13826.0,6675.0,1280.0,1465.0,7845.0,1260.0,2250.0
45.0,Parkwoods-Donalda,15.81,33.6,805.0,5.0,5.0,34805.0,16630.0,17210.0,870.0,18245.0,9340.0,7130.0,17085.0,4140.0,7660.0,34805.0,16445.0,5840.0,4680.0,14780.0,4265.0,6025.0
23.0,Pelmo Park-Humberlea,14.0,21.71,359.0,5.5,6.0,10722.0,5685.0,4930.0,95.0,5050.0,3885.0,1775.0,4130.0,2210.0,2635.0,10722.0,5160.0,1745.0,1370.0,4645.0,1390.0,1795.0
67.0,Playter Estates-Danforth,3.08,42.51,194.0,6.5,7.0,7804.0,5750.0,1795.0,90.0,2020.0,2055.0,3570.0,4660.0,635.0,1190.0,7804.0,3855.0,1150.0,735.0,3725.0,970.0,1415.0
46.0,Pleasant View,9.92,22.56,0.0,5.1,5.0,15818.0,5270.0,9765.0,760.0,10610.0,3670.0,1525.0,7910.0,2355.0,3495.0,15818.0,7595.0,2050.0,2080.0,6470.0,2020.0,3550.0
10.0,Princess-Rosethorn,4.65,39.52,0.0,7.6,9.0,11051.0,7565.0,3360.0,130.0,3560.0,3740.0,3745.0,6315.0,955.0,2005.0,11051.0,5445.0,1770.0,1580.0,3825.0,1855.0,2350.0
72.0,Regent Park,10.84,42.52,2120.0,3.6,2.0,10803.0,5350.0,5015.0,315.0,5360.0,3220.0,2100.0,4835.0,1870.0,2335.0,10803.0,5535.0,1635.0,1775.0,5575.0,1100.0,780.0
4.0,Rexdale-Kipling,7.89,23.31,308.0,4.9,5.0,10529.0,5255.0,4975.0,130.0,5125.0,3035.0,2200.0,4085.0,1960.0,2675.0,10529.0,5145.0,1640.0,1355.0,4300.0,1520.0,2030.0
111.0,Rockcliffe-Smythe,15.85,31.87,1092.0,4.5,4.0,22246.0,10755.0,11020.0,445.0,11565.0,7125.0,3530.0,7580.0,5695.0,5470.0,22246.0,10765.0,3505.0,2740.0,9255.0,3090.0,4135.0
86.0,Roncesvalles,6.04,44.85,511.0,5.5,6.0,14974.0,10080.0,4395.0,390.0,4955.0,4575.0,5340.0,8060.0,1800.0,2725.0,14974.0,7445.0,2300.0,1305.0,7990.0,1690.0,1865.0
98.0,Rosedale-Moore Park,9.84,32.2,520.0,7.6,9.0,20923.0,14490.0,5495.0,620.0,6510.0,5150.0,8950.0,14090.0,1045.0,2870.0,20923.0,9665.0,2625.0,2185.0,7925.0,3030.0,5890.0
131.0,Rouge,13.44,21.95,332.0,5.7,6.0,46496.0,20025.0,25575.0,470.0,26270.0,14705.0,5085.0,19795.0,6580.0,11740.0,46496.0,22435.0,7960.0,6700.0,18510.0,6690.0,7310.0
89.0,Runnymede-Bloor West Village,4.39,45.64,4.0,7.2,8.0,10070.0,7585.0,2335.0,145.0,2615.0,3125.0,4325.0,5665.0,960.0,1385.0,10070.0,4780.0,2050.0,960.0,4605.0,1215.0,1440.0
28.0,Rustic,13.08,16.55,1292.0,4.1,3.0,9941.0,4495.0,5105.0,150.0,5290.0,3560.0,905.0,2850.0,2550.0,2420.0,9941.0,4460.0,1940.0,1405.0,3615.0,1115.0,2230.0
139.0,Scarborough Village,19.5,35.48,788.0,3.9,3.0,16724.0,7040.0,8975.0,415.0,9450.0,4445.0,2530.0,6325.0,2955.0,3785.0,16724.0,7930.0,3365.0,2360.0,6685.0,2095.0,2655.0
85.0,South Parkdale,17.53,26.84,1600.0,4.0,3.0,21849.0,11025.0,8920.0,705.0,9775.0,5130.0,5745.0,11020.0,3050.0,4520.0,21849.0,10985.0,2115.0,2275.0,12440.0,2475.0,2900.0
70.0,South Riverdale,7.56,45.86,1479.0,5.7,6.0,27876.0,18260.0,8210.0,580.0,9045.0,7900.0,10085.0,14280.0,4050.0,4820.0,27876.0,13935.0,3975.0,2445.0,15025.0,3120.0,3850.0
40.0,St.Andrew-Windfields,13.11,18.23,38.0,6.5,7.0,17812.0,8355.0,8835.0,495.0,9460.0,4775.0,3455.0,10465.0,1440.0,3135.0,17812.0,8555.0,2645.0,2540.0,6800.0,2625.0,3645.0
116.0,Steeles,10.57,11.36,0.0,4.5,4.0,24623.0,5820.0,17440.0,1005.0,18520.0,5080.0,665.0,9920.0,4975.0,6235.0,24623.0,11740.0,3150.0,2685.0,9500.0,3515.0,6710.0
16.0,Stonegate-Queensway,7.55,31.23,129.0,6.5,7.0,25051.0,15905.0,8635.0,355.0,9135.0,7675.0,8090.0,13555.0,2720.0,4565.0,25051.0,12255.0,4060.0,2495.0,10660.0,3660.0,4915.0
118.0,Tam O'Shanter-Sullivan,12.93,41.37,607.0,4.6,4.0,27446.0,9285.0,16725.0,1010.0,17855.0,6415.0,2755.0,12325.0,4460.0,6350.0,27446.0,12760.0,3885.0,3225.0,10675.0,3510.0,7380.0
61.0,Taylor-Massey,16.92,38.19,381.0,3.7,3.0,15683.0,6055.0,8705.0,725.0,9520.0,3370.0,2595.0,7440.0,2030.0,3065.0,15683.0,7695.0,2950.0,1690.0,7580.0,1750.0,1975.0
63.0,The Beaches,7.85,31.53,151.0,7.3,9.0,21567.0,16900.0,4225.0,325.0,4855.0,6420.0,10165.0,12750.0,1455.0,3420.0,21567.0,10215.0,3825.0,2075.0,9590.0,3140.0,3220.0
3.0,Thistletown-Beaumond Heights,16.04,42.26,372.0,4.7,4.0,10360.0,4470.0,5465.0,190.0,5665.0,3235.0,1220.0,3980.0,2075.0,2340.0,10360.0,5075.0,1730.0,1410.0,4160.0,1195.0,2230.0
55.0,Thorncliffe Park,14.24,34.53,567.0,3.2,2.0,21108.0,6620.0,13270.0,950.0,14355.0,5015.0,1460.0,8035.0,3195.0,4015.0,21108.0,10270.0,5600.0,2455.0,9020.0,1665.0,2790.0
81.0,Trinity-Bellwoods,10.0,35.45,250.0,5.4,5.0,16556.0,9830.0,5810.0,600.0,6570.0,4705.0,4950.0,8090.0,3115.0,3275.0,16556.0,8220.0,1745.0,1630.0,9210.0,1625.0,2680.0
79.0,University,20.0,42.62,326.0,5.2,5.0,7607.0,4040.0,2015.0,625.0,2740.0,1775.0,2165.0,4460.0,520.0,1190.0,7607.0,3790.0,565.0,1485.0,3590.0,650.0,1625.0
43.0,Victoria Village,14.08,26.9,922.0,4.5,4.0,17510.0,7670.0,9185.0,320.0,9555.0,4480.0,3130.0,7840.0,2930.0,3780.0,17510.0,8125.0,2630.0,2030.0,7170.0,2270.0,3975.0
77.0,Waterfront Communities-The Island,17.82,31.61,2644.0,6.2,7.0,65913.0,37035.0,23820.0,4775.0,29120.0,17670.0,18820.0,51740.0,1900.0,8340.0,65913.0,33265.0,3650.0,7840.0,45105.0,4680.0,5000.0
136.0,West Hill,19.37,28.06,2052.0,4.5,4.0,27392.0,13280.0,13345.0,335.0,13780.0,7610.0,5570.0,10965.0,4990.0,6425.0,27392.0,13045.0,4635.0,3950.0,10765.0,3785.0,4865.0
1.0,West Humber-Clairville,15.34,23.82,950.0,4.8,5.0,33312.0,12285.0,19230.0,1370.0,20690.0,9530.0,2685.0,13425.0,5905.0,8510.0,33312.0,16605.0,5060.0,5445.0,13845.0,3990.0,5595.0
35.0,Westminster-Branson,16.48,24.63,966.0,4.3,4.0,26274.0,7070.0,18155.0,930.0,19155.0,5070.0,1910.0,14430.0,2745.0,5540.0,26274.0,12075.0,3440.0,3355.0,10865.0,3500.0,6130.0
113.0,Weston,15.09,41.45,1036.0,4.2,3.0,17992.0,8475.0,8690.0,520.0,9270.0,5490.0,2935.0,6800.0,3630.0,4180.0,17992.0,8510.0,3100.0,2225.0,7785.0,2430.0,2840.0
91.0,Weston-Pellam Park,20.49,52.57,734.0,4.7,4.0,11098.0,5430.0,5370.0,290.0,5715.0,3575.0,1800.0,3730.0,3095.0,2590.0,11098.0,5600.0,1675.0,1415.0,5275.0,1415.0,1475.0
119.0,Wexford/Maryvale,12.05,42.08,736.0,4.9,5.0,27917.0,13180.0,13905.0,470.0,14470.0,7730.0,5350.0,11710.0,4395.0,7240.0,27917.0,13600.0,4215.0,3650.0,11380.0,3940.0,5620.0
51.0,Willowdale East,12.0,28.9,496.0,5.0,5.0,50434.0,14150.0,31040.0,5080.0,36425.0,9535.0,4290.0,32650.0,3110.0,8580.0,50434.0,23690.0,5920.0,6940.0,25850.0,5460.0,7100.0
37.0,Willowdale West,9.3,17.67,664.0,5.3,5.0,16936.0,5970.0,9390.0,1310.0,10735.0,3535.0,2395.0,10315.0,1405.0,3140.0,16936.0,7975.0,1785.0,2230.0,7480.0,2070.0,4025.0
7.0,Willowridge-Martingrove-Richview,14.69,30.46,762.0,5.6,6.0,22156.0,11775.0,10030.0,340.0,10460.0,7065.0,4615.0,9935.0,3440.0,5205.0,22156.0,10630.0,3555.0,2625.0,8140.0,2905.0,5790.0
137.0,Woburn,15.19,27.73,2594.0,4.2,4.0,53485.0,20645.0,30185.0,2200.0,32515.0,14140.0,6360.0,21370.0,8850.0,13170.0,53485.0,26010.0,9625.0,7660.0,21945.0,6245.0,9140.0
64.0,Woodbine Corridor,10.26,29.04,950.0,6.1,7.0,12541.0,9320.0,2935.0,185.0,3290.0,3600.0,5535.0,6620.0,1430.0,2065.0,12541.0,6050.0,2325.0,1035.0,6165.0,1625.0,1550.0
60.0,Woodbine-Lumsden,4.92,27.87,203.0,5.8,6.0,7865.0,5490.0,2190.0,160.0,2390.0,2255.0,3200.0,3920.0,1015.0,1760.0,7865.0,3810.0,1165.0,675.0,3790.0,1150.0,1220.0
94.0,Wychwood,7.0,40.49,1229.0,5.6,6.0,14349.0,8525.0,4345.0,385.0,4870.0,4075.0,4315.0,7230.0,1860.0,2285.0,14349.0,6640.0,1860.0,1320.0,6420.0,1595.0,4030.0
100.0,Yonge-Eglinton,2.33,31.95,0.0,6.8,8.0,11817.0,8080.0,3180.0,540.0,3945.0,3070.0,4790.0,7990.0,575.0,1430.0,11817.0,5515.0,1800.0,1225.0,5860.0,1325.0,1765.0
97.0,Yonge-St.Clair,8.33,32.65,0.0,6.8,8.0,12528.0,8325.0,3580.0,395.0,4140.0,3145.0,5000.0,8820.0,460.0,1820.0,12528.0,5645.0,1210.0,920.0,5960.0,1540.0,3375.0
27.0,York University Heights,24.11,47.0,511.0,4.2,4.0,27593.0,10295.0,15595.0,1690.0,17475.0,7695.0,2410.0,11420.0,5125.0,6980.0,27593.0,13625.0,4045.0,4750.0,12290.0,2965.0,3930.0
31.0,Yorkdale-Glen Park,19.27,21.66,657.0,5.2,5.0,14804.0,6380.0,7265.0,375.0,7710.0,4625.0,1690.0,5240.0,3445.0,3385.0,14804.0,6860.0,1960.0,1870.0,5860.0,1810.0,4070.0
